//=========================================================================================================
DROP TABLE "C##DAVE"."HRPACKAGEACTIVITY";
DROP TABLE "C##DAVE"."PACKAGEACTIVITY";
DROP TABLE "C##DAVE"."WORKPACKAGE";
DROP TABLE "C##DAVE"."DELIVERABLE";
DROP TABLE "C##DAVE"."HUMANRESOURCE";
//=========================================================================================================
CREATE
  TABLE "C##DAVE"."HUMANRESOURCE"
  (
    "HUMANRESOURCEID" VARCHAR2(20),
    "HRNAME"          VARCHAR2(64 BYTE),
    "BOSSID"          VARCHAR2(20),
    "DEPARTMENTID"    VARCHAR2(20),
    "HRROLE"          VARCHAR2(32 BYTE),
    "EMAIL"           VARCHAR2(32 BYTE),
    "PHONE"           VARCHAR2(16 BYTE),
    "HRCOST"          NUMBER(10,2),
    CONSTRAINT "HR_PK" PRIMARY KEY ("HUMANRESOURCEID") USING INDEX PCTFREE 10
    INITRANS 2 MAXTRANS 255 COMPUTE STATISTICS STORAGE(INITIAL 65536 NEXT
    1048576 MINEXTENTS 1 MAXEXTENTS 2147483645 PCTINCREASE 0 FREELISTS 1
    FREELIST GROUPS 1 BUFFER_POOL DEFAULT FLASH_CACHE DEFAULT CELL_FLASH_CACHE
    DEFAULT) TABLESPACE "AIB" ENABLE,
    CONSTRAINT "HR_FK" FOREIGN KEY ("BOSSID") REFERENCES "C##DAVE".
    "HUMANRESOURCE" ("HUMANRESOURCEID") ENABLE
  )
  SEGMENT CREATION IMMEDIATE PCTFREE 10 PCTUSED 40 INITRANS 1 MAXTRANS 255
  NOCOMPRESS LOGGING STORAGE
  (
    INITIAL 65536 NEXT 1048576 MINEXTENTS 1 MAXEXTENTS 2147483645 PCTINCREASE 0
    FREELISTS 1 FREELIST GROUPS 1 BUFFER_POOL DEFAULT FLASH_CACHE DEFAULT
    CELL_FLASH_CACHE DEFAULT
  )
  TABLESPACE "AIB";
//=========================================================================================================
CREATE TABLE "C##DAVE"."DELIVERABLE" (
    "DELIVERABLEID"    VARCHAR2(20),
    "FATHERID"         VARCHAR2(20),
    "NAME"             VARCHAR2(100 BYTE),
    "DUEDATE"          DATE,
    "PERSONINCHARGEID" VARCHAR2(20),
    "DELIVERABLELEVEL" VARCHAR2(20),
    "WBSLINESEQUENCE"  NUMBER(4),
    CONSTRAINT "DELIVERABLE_PK" PRIMARY KEY ("DELIVERABLEID") USING INDEX
    PCTFREE 10 INITRANS 2 MAXTRANS 255 COMPUTE STATISTICS STORAGE(INITIAL 65536
    NEXT 1048576 MINEXTENTS 1 MAXEXTENTS 2147483645 PCTINCREASE 0 FREELISTS 1
    FREELIST GROUPS 1 BUFFER_POOL DEFAULT FLASH_CACHE DEFAULT CELL_FLASH_CACHE
    DEFAULT) TABLESPACE "AIB" ENABLE,
    CONSTRAINT "DELIVERABLE_FK1" FOREIGN KEY ("FATHERID") REFERENCES "C##DAVE".
    "DELIVERABLE" ("DELIVERABLEID") ENABLE,
    CONSTRAINT "DELIVERABLE_FK2" FOREIGN KEY ("PERSONINCHARGEID") REFERENCES
    "C##DAVE"."HUMANRESOURCE" ("HUMANRESOURCEID") ENABLE
  )
  SEGMENT CREATION IMMEDIATE PCTFREE 10 PCTUSED 40 INITRANS 1 MAXTRANS 255
  NOCOMPRESS LOGGING STORAGE
  (
    INITIAL 65536 NEXT 1048576 MINEXTENTS 1 MAXEXTENTS 2147483645 PCTINCREASE 0
    FREELISTS 1 FREELIST GROUPS 1 BUFFER_POOL DEFAULT FLASH_CACHE DEFAULT
    CELL_FLASH_CACHE DEFAULT
  )
  TABLESPACE "AIB";
//=========================================================================================================
CREATE TABLE "C##DAVE"."WORKPACKAGE" (
    "WORKPACKAGEID"    VARCHAR2(20),
    "DELIVERABLEID"    VARCHAR2(20),
    "NAME"             VARCHAR2(128 BYTE),
    "DUEDATE"          DATE,
    "PERSONINCHARGEID" VARCHAR2(20),
    CONSTRAINT "WORKPACKAGE_PK" PRIMARY KEY ("WORKPACKAGEID") USING INDEX
    PCTFREE 10 INITRANS 2 MAXTRANS 255 COMPUTE STATISTICS STORAGE(INITIAL 65536
    NEXT 1048576 MINEXTENTS 1 MAXEXTENTS 2147483645 PCTINCREASE 0 FREELISTS 1
    FREELIST GROUPS 1 BUFFER_POOL DEFAULT FLASH_CACHE DEFAULT CELL_FLASH_CACHE
    DEFAULT) TABLESPACE "AIB" ENABLE,
    CONSTRAINT "WORKPACKAGE_FK1" FOREIGN KEY ("DELIVERABLEID") REFERENCES
    "C##DAVE"."DELIVERABLE" ("DELIVERABLEID") ENABLE,
    CONSTRAINT "WORKPACKAGE_FK2" FOREIGN KEY ("PERSONINCHARGEID") REFERENCES
    "C##DAVE"."HUMANRESOURCE" ("HUMANRESOURCEID") ENABLE
  )
  SEGMENT CREATION IMMEDIATE PCTFREE 10 PCTUSED 40 INITRANS 1 MAXTRANS 255
  NOCOMPRESS LOGGING STORAGE
  (
    INITIAL 65536 NEXT 1048576 MINEXTENTS 1 MAXEXTENTS 2147483645 PCTINCREASE 0
    FREELISTS 1 FREELIST GROUPS 1 BUFFER_POOL DEFAULT FLASH_CACHE DEFAULT
    CELL_FLASH_CACHE DEFAULT
  )
  TABLESPACE "AIB";
//=========================================================================================================
CREATE TABLE "C##DAVE"."PACKAGEACTIVITY" (
    "PACKAGEACTIVITYID"     VARCHAR2(20),
    "WORKPACKAGEID"         VARCHAR2(20),
    "DESCRIPTION"           VARCHAR2(256 BYTE),
    "ESTIMATEDDURATION"     NUMBER(4),
    "ACTUALDURATION"        NUMBER(4),
    "ESTIMATEDHRCOST"       NUMBER(10,2),
    "ACTUALHRCOST"          NUMBER(10,2),
    "ESTIMATEDMATERIALCOST" NUMBER(10,2),
    "ACTUALMATERIALCOST"    NUMBER(10,2),
    "PERSONINCHARGEID"      VARCHAR2(20),
    CONSTRAINT "PACKAGEACTIVITY" PRIMARY KEY ("PACKAGEACTIVITYID",
    "WORKPACKAGEID") USING INDEX PCTFREE 10 INITRANS 2 MAXTRANS 255 COMPUTE
    STATISTICS STORAGE(INITIAL 65536 NEXT 1048576 MINEXTENTS 1 MAXEXTENTS
    2147483645 PCTINCREASE 0 FREELISTS 1 FREELIST GROUPS 1 BUFFER_POOL DEFAULT
    FLASH_CACHE DEFAULT CELL_FLASH_CACHE DEFAULT) TABLESPACE "AIB" ENABLE,
    CONSTRAINT "PACKAGEACTIVITY_FK1" FOREIGN KEY ("WORKPACKAGEID") REFERENCES
    "C##DAVE"."WORKPACKAGE" ("WORKPACKAGEID") ENABLE,
    CONSTRAINT "PACKAGEACTIVITY_FK2" FOREIGN KEY ("PERSONINCHARGEID")
    REFERENCES "C##DAVE"."HUMANRESOURCE" ("HUMANRESOURCEID") ENABLE
  )
  SEGMENT CREATION IMMEDIATE PCTFREE 10 PCTUSED 40 INITRANS 1 MAXTRANS 255
  NOCOMPRESS LOGGING STORAGE
  (
    INITIAL 65536 NEXT 1048576 MINEXTENTS 1 MAXEXTENTS 2147483645 PCTINCREASE 0
    FREELISTS 1 FREELIST GROUPS 1 BUFFER_POOL DEFAULT FLASH_CACHE DEFAULT
    CELL_FLASH_CACHE DEFAULT
  )
  TABLESPACE "AIB";
//=========================================================================================================
CREATE TABLE "C##DAVE"."HRPACKAGEACTIVITY" (
    "WORKPACKAGEID"     VARCHAR2(20),
    "PACKAGEACTIVITYID" VARCHAR2(20),
    "HUMANRESOURCEID"   VARCHAR2(20),
    "STARTEDDATE"       DATE,
    "CLOSINGDATE"       DATE,
    CONSTRAINT "HRPACKAGEACTIVITY_PK" PRIMARY KEY ("WORKPACKAGEID",
    "PACKAGEACTIVITYID", "HUMANRESOURCEID") USING INDEX PCTFREE 10 INITRANS 2
    MAXTRANS 255 COMPUTE STATISTICS STORAGE(INITIAL 65536 NEXT 1048576
    MINEXTENTS 1 MAXEXTENTS 2147483645 PCTINCREASE 0 FREELISTS 1 FREELIST
    GROUPS 1 BUFFER_POOL DEFAULT FLASH_CACHE DEFAULT CELL_FLASH_CACHE DEFAULT)
    TABLESPACE "AIB" ENABLE,
    CONSTRAINT "HRPACKAGEACTIVITY_FK1" FOREIGN KEY ("WORKPACKAGEID") REFERENCES
    "C##DAVE"."WORKPACKAGE" ("WORKPACKAGEID") ENABLE,
    CONSTRAINT "HRPACKAGEACTIVITY_FK2" FOREIGN KEY ("HUMANRESOURCEID")
    REFERENCES "C##DAVE"."HUMANRESOURCE" ("HUMANRESOURCEID") ENABLE
  )
  SEGMENT CREATION IMMEDIATE PCTFREE 10 PCTUSED 40 INITRANS 1 MAXTRANS 255
  NOCOMPRESS LOGGING STORAGE
  (
    INITIAL 65536 NEXT 1048576 MINEXTENTS 1 MAXEXTENTS 2147483645 PCTINCREASE 0
    FREELISTS 1 FREELIST GROUPS 1 BUFFER_POOL DEFAULT FLASH_CACHE DEFAULT
    CELL_FLASH_CACHE DEFAULT
  )
  TABLESPACE "AIB";
//=========================================================================================================
delete from deliverable;
delete from humanresouce;
delete from workpackage;
delete from packageactivity;
delete from hrpackageactivity;
Insert into DELIVERABLE (DELIVERABLEID,FATHERID,NAME,DUEDATE,PERSONINCHARGEID,DELIVERABLELEVEL,WBSLINESEQUENCE) values ('12D5f0001','12D5f0001','DIA DE DOAR',to_date('23/12/16','DD/MM/RR'),'00A00c12db542001','0','1');
Insert into DELIVERABLE (DELIVERABLEID,FATHERID,NAME,DUEDATE,PERSONINCHARGEID,DELIVERABLELEVEL,WBSLINESEQUENCE) values ('12D5f0002','12D5f0001','GESTÃO DO PROJETO',to_date('23/12/16','DD/MM/RR'),'00A00c12db542001','1','1');
Insert into DELIVERABLE (DELIVERABLEID,FATHERID,NAME,DUEDATE,PERSONINCHARGEID,DELIVERABLELEVEL,WBSLINESEQUENCE) values ('12D5f0003','12D5f0001','SELEÇÃO DE PARTICIPANTES',to_date('23/12/16','DD/MM/RR'),'00A00c12db542002','1','2');
Insert into DELIVERABLE (DELIVERABLEID,FATHERID,NAME,DUEDATE,PERSONINCHARGEID,DELIVERABLELEVEL,WBSLINESEQUENCE) values ('12D5f0004','12D5f0001','DISCURSO',to_date('23/12/16','DD/MM/RR'),'00A00c12db542002','1','3');
Insert into DELIVERABLE (DELIVERABLEID,FATHERID,NAME,DUEDATE,PERSONINCHARGEID,DELIVERABLELEVEL,WBSLINESEQUENCE) values ('12D5f0005','12D5f0001','MOBILIZAÇÃO',to_date('23/12/16','DD/MM/RR'),'00A00c12db542002','1','4');
Insert into DELIVERABLE (DELIVERABLEID,FATHERID,NAME,DUEDATE,PERSONINCHARGEID,DELIVERABLELEVEL,WBSLINESEQUENCE) values ('12D5f0006','12D5f0001','ENCERRAMENTO',to_date('23/12/16','DD/MM/RR'),'00A00c12db542001','1','5');
Insert into DELIVERABLE (DELIVERABLEID,FATHERID,NAME,DUEDATE,PERSONINCHARGEID,DELIVERABLELEVEL,WBSLINESEQUENCE) values ('12D5f0007','12D5f0002','INTEGRAÇÃO',to_date('20/12/16','DD/MM/RR'),'00A00c12db542001','2','1');
Insert into DELIVERABLE (DELIVERABLEID,FATHERID,NAME,DUEDATE,PERSONINCHARGEID,DELIVERABLELEVEL,WBSLINESEQUENCE) values ('12D5f0008','12D5f0002','ESCOPO',to_date('20/12/16','DD/MM/RR'),'00A00c12db542001','2','2');
Insert into DELIVERABLE (DELIVERABLEID,FATHERID,NAME,DUEDATE,PERSONINCHARGEID,DELIVERABLELEVEL,WBSLINESEQUENCE) values ('12D5f0009','12D5f0002','TTEMPO',to_date('22/12/16','DD/MM/RR'),'00A00c12db542001','2','3');
Insert into DELIVERABLE (DELIVERABLEID,FATHERID,NAME,DUEDATE,PERSONINCHARGEID,DELIVERABLELEVEL,WBSLINESEQUENCE) values ('12D5f0010','12D5f0002','CUSTO',to_date('23/12/16','DD/MM/RR'),'00A00c12db542001','2','4');
Insert into DELIVERABLE (DELIVERABLEID,FATHERID,NAME,DUEDATE,PERSONINCHARGEID,DELIVERABLELEVEL,WBSLINESEQUENCE) values ('12D5f0011','12D5f0002','QUALIDADE',to_date('20/12/16','DD/MM/RR'),'00A00c12db542001','2','5');
Insert into DELIVERABLE (DELIVERABLEID,FATHERID,NAME,DUEDATE,PERSONINCHARGEID,DELIVERABLELEVEL,WBSLINESEQUENCE) values ('12D5f0012','12D5f0002','RECURSOS HUMANOS',to_date('20/12/16','DD/MM/RR'),'00A00c12db542001','2','6');
Insert into DELIVERABLE (DELIVERABLEID,FATHERID,NAME,DUEDATE,PERSONINCHARGEID,DELIVERABLELEVEL,WBSLINESEQUENCE) values ('12D5f0013','12D5f0002','COMUNICAÇÃO',to_date('20/12/16','DD/MM/RR'),'00A00c12db542001','2','7');
Insert into DELIVERABLE (DELIVERABLEID,FATHERID,NAME,DUEDATE,PERSONINCHARGEID,DELIVERABLELEVEL,WBSLINESEQUENCE) values ('12D5f0014','12D5f0002','RISCO',to_date('20/12/16','DD/MM/RR'),'00A00c12db542001','2','8');
Insert into DELIVERABLE (DELIVERABLEID,FATHERID,NAME,DUEDATE,PERSONINCHARGEID,DELIVERABLELEVEL,WBSLINESEQUENCE) values ('12D5f0015','12D5f0002','AQUISIÇÕES',to_date('21/12/16','DD/MM/RR'),'00A00c12db542001','2','9');
Insert into DELIVERABLE (DELIVERABLEID,FATHERID,NAME,DUEDATE,PERSONINCHARGEID,DELIVERABLELEVEL,WBSLINESEQUENCE) values ('12D5f0016','12D5f0003','DIVULGAÇÃO DO EVENTO',to_date('20/12/16','DD/MM/RR'),'00A00c12db542003','2','1');
Insert into DELIVERABLE (DELIVERABLEID,FATHERID,NAME,DUEDATE,PERSONINCHARGEID,DELIVERABLELEVEL,WBSLINESEQUENCE) values ('12D5f0017','12D5f0003','PUBLICAR CANDIDATURA',to_date('20/12/16','DD/MM/RR'),'00A00c12db542003','2','2');
Insert into DELIVERABLE (DELIVERABLEID,FATHERID,NAME,DUEDATE,PERSONINCHARGEID,DELIVERABLELEVEL,WBSLINESEQUENCE) values ('12D5f0018','12D5f0003','AVALIAR PERFIS',to_date('20/12/16','DD/MM/RR'),'00A00c12db542003','2','3');
Insert into DELIVERABLE (DELIVERABLEID,FATHERID,NAME,DUEDATE,PERSONINCHARGEID,DELIVERABLELEVEL,WBSLINESEQUENCE) values ('12D5f0019','12D5f0003','PUBLICAR LISTA FINAL',to_date('21/12/16','DD/MM/RR'),'00A00c12db542003','2','4');
Insert into DELIVERABLE (DELIVERABLEID,FATHERID,NAME,DUEDATE,PERSONINCHARGEID,DELIVERABLELEVEL,WBSLINESEQUENCE) values ('12D5f0020','12D5f0004','SELEÇÃO DO TEMA',to_date('20/12/16','DD/MM/RR'),'00A00c12db542004','2','1');
Insert into DELIVERABLE (DELIVERABLEID,FATHERID,NAME,DUEDATE,PERSONINCHARGEID,DELIVERABLELEVEL,WBSLINESEQUENCE) values ('12D5f0021','12D5f0004','ESTUDO DO TEMA',to_date('22/12/16','DD/MM/RR'),'00A00c12db542004','2','2');
Insert into DELIVERABLE (DELIVERABLEID,FATHERID,NAME,DUEDATE,PERSONINCHARGEID,DELIVERABLELEVEL,WBSLINESEQUENCE) values ('12D5f0022','12D5f0004','ELABORAR DISCURSO',to_date('23/12/16','DD/MM/RR'),'00A00c12db542004','2','3');
Insert into DELIVERABLE (DELIVERABLEID,FATHERID,NAME,DUEDATE,PERSONINCHARGEID,DELIVERABLELEVEL,WBSLINESEQUENCE) values ('12D5f0023','12D5f0004','TREINAR PARTICIPANTES',to_date('20/12/16','DD/MM/RR'),'00A00c12db542004','2','4');
Insert into DELIVERABLE (DELIVERABLEID,FATHERID,NAME,DUEDATE,PERSONINCHARGEID,DELIVERABLELEVEL,WBSLINESEQUENCE) values ('12D5f0024','12D5f0005','REUNIR EQUIPE',to_date('20/12/16','DD/MM/RR'),'00A00c12db542003','2','1');
Insert into DELIVERABLE (DELIVERABLEID,FATHERID,NAME,DUEDATE,PERSONINCHARGEID,DELIVERABLELEVEL,WBSLINESEQUENCE) values ('12D5f0025','12D5f0005','DESLOCAMENTO',to_date('21/12/16','DD/MM/RR'),'00A00c12db542003','2','2');
Insert into DELIVERABLE (DELIVERABLEID,FATHERID,NAME,DUEDATE,PERSONINCHARGEID,DELIVERABLELEVEL,WBSLINESEQUENCE) values ('12D5f0026','12D5f0005','DISTRIBUIR ESTRATÉGIA DE ABORDAGEM',to_date('20/12/16','DD/MM/RR'),'00A00c12db542003','2','3');
Insert into DELIVERABLE (DELIVERABLEID,FATHERID,NAME,DUEDATE,PERSONINCHARGEID,DELIVERABLELEVEL,WBSLINESEQUENCE) values ('12D5f0027','12D5f0005','ABORDAR',to_date('22/12/16','DD/MM/RR'),'00A00c12db542003','2','4');
Insert into DELIVERABLE (DELIVERABLEID,FATHERID,NAME,DUEDATE,PERSONINCHARGEID,DELIVERABLELEVEL,WBSLINESEQUENCE) values ('12D5f0028','12D5f0006','DESMOBILIZAR EQUIPE',to_date('20/12/16','DD/MM/RR'),'00A00c12db542005','2','1');
Insert into DELIVERABLE (DELIVERABLEID,FATHERID,NAME,DUEDATE,PERSONINCHARGEID,DELIVERABLELEVEL,WBSLINESEQUENCE) values ('12D5f0029','12D5f0006','ENCERRAMENTO DE CONTRATOS',to_date('21/12/16','DD/MM/RR'),'00A00c12db542005','2','2');
Insert into DELIVERABLE (DELIVERABLEID,FATHERID,NAME,DUEDATE,PERSONINCHARGEID,DELIVERABLELEVEL,WBSLINESEQUENCE) values ('12D5f0030','12D5f0006','AVALIAR E APRESENTAR RESULTADOS',to_date('20/12/16','DD/MM/RR'),'00A00c12db542005','2','3');
Insert into DELIVERABLE (DELIVERABLEID,FATHERID,NAME,DUEDATE,PERSONINCHARGEID,DELIVERABLELEVEL,WBSLINESEQUENCE) values ('12D5f0031','12D5f0006','REGISTRAR LIÇÕES APRENDIDAS',to_date('22/12/16','DD/MM/RR'),'00A00c12db542005','2','4');
Insert into DELIVERABLE (DELIVERABLEID,FATHERID,NAME,DUEDATE,PERSONINCHARGEID,DELIVERABLELEVEL,WBSLINESEQUENCE) values ('12D5f0032','12D5f0016','SELECIONAR CANAIS',to_date('22/12/16','DD/MM/RR'),'00A00c12db542003','3','1');
Insert into DELIVERABLE (DELIVERABLEID,FATHERID,NAME,DUEDATE,PERSONINCHARGEID,DELIVERABLELEVEL,WBSLINESEQUENCE) values ('12D5f0033','12D5f0016','PREPARAR MATERIAL DE DIVULGAÇÃO',to_date('23/12/16','DD/MM/RR'),'00A00c12db542003','3','2');
Insert into DELIVERABLE (DELIVERABLEID,FATHERID,NAME,DUEDATE,PERSONINCHARGEID,DELIVERABLELEVEL,WBSLINESEQUENCE) values ('12D5f0034','12D5f0020','ELENCAR TEMAS CANDIDATOS',to_date('21/12/16','DD/MM/RR'),'00A00c12db542002','3','1');
Insert into DELIVERABLE (DELIVERABLEID,FATHERID,NAME,DUEDATE,PERSONINCHARGEID,DELIVERABLELEVEL,WBSLINESEQUENCE) values ('12D5f0035','12D5f0020','AVALIAR IMPACTO DOS TEMAS',to_date('20/12/16','DD/MM/RR'),'00A00c12db542002','3','2');
Insert into DELIVERABLE (DELIVERABLEID,FATHERID,NAME,DUEDATE,PERSONINCHARGEID,DELIVERABLELEVEL,WBSLINESEQUENCE) values ('12D5f0036','12D5f0020','ESCOLHER TEMA DE MAIOR IMPACTO',to_date('22/12/16','DD/MM/RR'),'00A00c12db542002','3','3');
Insert into DELIVERABLE (DELIVERABLEID,FATHERID,NAME,DUEDATE,PERSONINCHARGEID,DELIVERABLELEVEL,WBSLINESEQUENCE) values ('12D5f0037','12D5f0021','LEVANTAR BIBLIOGRAFIA',to_date('23/12/16','DD/MM/RR'),'00A00c12db542004','3','1');
Insert into DELIVERABLE (DELIVERABLEID,FATHERID,NAME,DUEDATE,PERSONINCHARGEID,DELIVERABLELEVEL,WBSLINESEQUENCE) values ('12D5f0038','12D5f0021','COMPILAR MATERIAL',to_date('21/12/16','DD/MM/RR'),'00A00c12db542004','3','2');
Insert into DELIVERABLE (DELIVERABLEID,FATHERID,NAME,DUEDATE,PERSONINCHARGEID,DELIVERABLELEVEL,WBSLINESEQUENCE) values ('12D5f0039','12D5f0029','CONTATAR FORNECEDOR',to_date('20/12/16','DD/MM/RR'),'00A00c12db542003','3','1');
Insert into DELIVERABLE (DELIVERABLEID,FATHERID,NAME,DUEDATE,PERSONINCHARGEID,DELIVERABLELEVEL,WBSLINESEQUENCE) values ('12D5f0040','12D5f0029','ELABORAR TERMO DE ENCERRAMENTO',to_date('22/12/16','DD/MM/RR'),'00A00c12db542003','3','2');
Insert into DELIVERABLE (DELIVERABLEID,FATHERID,NAME,DUEDATE,PERSONINCHARGEID,DELIVERABLELEVEL,WBSLINESEQUENCE) values ('12D5f0041','12D5f0029','COLHER ASSINATURAS',to_date('23/12/16','DD/MM/RR'),'00A00c12db542003','3','3');
Insert into HUMANRESOURCE (HUMANRESOURCEID,HRNAME,BOSSID,DEPARTMENTID,HRROLE,EMAIL,PHONE,HRCOST) values ('00A00c12db542001','Dave Liao','00A00c12db542001','12','Manager','daveliao840624@gmail.com','+5521980541142','100');
Insert into HUMANRESOURCE (HUMANRESOURCEID,HRNAME,BOSSID,DEPARTMENTID,HRROLE,EMAIL,PHONE,HRCOST) values ('00A00c12db542002','Leniel Macaferi','00A00c12db542002','13','Senior Programmer','leniel@gmail.com','+5521988901212','80');
Insert into HUMANRESOURCE (HUMANRESOURCEID,HRNAME,BOSSID,DEPARTMENTID,HRROLE,EMAIL,PHONE,HRCOST) values ('00A00c12db542003','Jose Carlos da Silva','00A00c12db542001','12','Fundraising Assistant','fra@gmail.com','+5521987691231','40');
Insert into HUMANRESOURCE (HUMANRESOURCEID,HRNAME,BOSSID,DEPARTMENTID,HRROLE,EMAIL,PHONE,HRCOST) values ('00A00c12db542004','Maria da Dores Neves','00A00c12db542001','12','Face-to-Facer','f2f1@gmail.com','+5521981236457','20');
Insert into HUMANRESOURCE (HUMANRESOURCEID,HRNAME,BOSSID,DEPARTMENTID,HRROLE,EMAIL,PHONE,HRCOST) values ('00A00c12db542005','Regina Goncalves','00A00c12db542002','13','Face-to-Facer','f2f2@gmail.com','+5521998023342','20');
Insert into HUMANRESOURCE (HUMANRESOURCEID,HRNAME,BOSSID,DEPARTMENTID,HRROLE,EMAIL,PHONE,HRCOST) values ('00A00c12db542006','Carlos Victor da Silva','00A00c12db542001','12','Database Assistant','dba@gmail.com','+5521998023123','40');
Insert into HUMANRESOURCE (HUMANRESOURCEID,HRNAME,BOSSID,DEPARTMENTID,HRROLE,EMAIL,PHONE,HRCOST) values ('00A00c12db542007','Maria Paula Araújo','00A00c12db542002','13','Database Assistant','bda@gmail.com','+5521998023354','40');
Insert into HUMANRESOURCE (HUMANRESOURCEID,HRNAME,BOSSID,DEPARTMENTID,HRROLE,EMAIL,PHONE,HRCOST) values ('00A00c12db542008','Etelcleverson Moreira','00A00c12db542002','13','Activism Auxiliar','aaa@gmail.com','+5521998099142','20');
Insert into WORKPACKAGE (WORKPACKAGEID,DELIVERABLEID,NAME,DUEDATE,PERSONINCHARGEID) values ('A2D5f0030','12D5f0032','SELECIONAR CANAIS',to_date('22/12/16','DD/MM/RR'),'00A00c12db542003');
Insert into WORKPACKAGE (WORKPACKAGEID,DELIVERABLEID,NAME,DUEDATE,PERSONINCHARGEID) values ('A2D5f0031','12D5f0033','PREPARAR MATERIAL DE DIVULGAÇÃO',to_date('23/12/16','DD/MM/RR'),'00A00c12db542003');
Insert into WORKPACKAGE (WORKPACKAGEID,DELIVERABLEID,NAME,DUEDATE,PERSONINCHARGEID) values ('A2D5f0032','12D5f0034','ELENCAR TEMAS CANDIDATOS',to_date('21/12/16','DD/MM/RR'),'00A00c12db542002');
Insert into WORKPACKAGE (WORKPACKAGEID,DELIVERABLEID,NAME,DUEDATE,PERSONINCHARGEID) values ('A2D5f0033','12D5f0035','AVALIAR IMPACTO DOS TEMAS',to_date('20/12/16','DD/MM/RR'),'00A00c12db542002');
Insert into WORKPACKAGE (WORKPACKAGEID,DELIVERABLEID,NAME,DUEDATE,PERSONINCHARGEID) values ('A2D5f0034','12D5f0036','ESCOLHER TEMA DE MAIOR IMPACTO',to_date('22/12/16','DD/MM/RR'),'00A00c12db542002');
Insert into WORKPACKAGE (WORKPACKAGEID,DELIVERABLEID,NAME,DUEDATE,PERSONINCHARGEID) values ('A2D5f0035','12D5f0037','LEVANTAR BIBLIOGRAFIA',to_date('23/12/16','DD/MM/RR'),'00A00c12db542004');
Insert into WORKPACKAGE (WORKPACKAGEID,DELIVERABLEID,NAME,DUEDATE,PERSONINCHARGEID) values ('A2D5f0036','12D5f0038','COMPILAR MATERIAL',to_date('21/12/16','DD/MM/RR'),'00A00c12db542004');
Insert into WORKPACKAGE (WORKPACKAGEID,DELIVERABLEID,NAME,DUEDATE,PERSONINCHARGEID) values ('A2D5f0037','12D5f0039','CONTATAR FORNECEDOR',to_date('20/12/16','DD/MM/RR'),'00A00c12db542003');
Insert into WORKPACKAGE (WORKPACKAGEID,DELIVERABLEID,NAME,DUEDATE,PERSONINCHARGEID) values ('A2D5f0038','12D5f0040','ELABORAR TERMO DE ENCERRAMENTO',to_date('22/12/16','DD/MM/RR'),'00A00c12db542003');
Insert into WORKPACKAGE (WORKPACKAGEID,DELIVERABLEID,NAME,DUEDATE,PERSONINCHARGEID) values ('A2D5f0039','12D5f0041','COLHER ASSINATURAS',to_date('23/12/16','DD/MM/RR'),'00A00c12db542003');
Insert into PACKAGEACTIVITY (PACKAGEACTIVITYID,WORKPACKAGEID,DESCRIPTION,ESTIMATEDDURATION,ACTUALDURATION,ESTIMATEDHRCOST,ACTUALHRCOST,ESTIMATEDMATERIALCOST,ACTUALMATERIALCOST,PERSONINCHARGEID) values ('B2D98G070','A2D5f0030','Identificar canais candidatos','1',null,'40',null,'0',null,'00A00c12db542003');
Insert into PACKAGEACTIVITY (PACKAGEACTIVITYID,WORKPACKAGEID,DESCRIPTION,ESTIMATEDDURATION,ACTUALDURATION,ESTIMATEDHRCOST,ACTUALHRCOST,ESTIMATEDMATERIALCOST,ACTUALMATERIALCOST,PERSONINCHARGEID) values ('B2D98G071','A2D5f0030','Avaliar efetividade do canal','1',null,'20',null,'0',null,'00A00c12db542008');
Insert into PACKAGEACTIVITY (PACKAGEACTIVITYID,WORKPACKAGEID,DESCRIPTION,ESTIMATEDDURATION,ACTUALDURATION,ESTIMATEDHRCOST,ACTUALHRCOST,ESTIMATEDMATERIALCOST,ACTUALMATERIALCOST,PERSONINCHARGEID) values ('B2D98G072','A2D5f0030','Selecionar canal','1',null,'40',null,'0',null,'00A00c12db542006');
Insert into PACKAGEACTIVITY (PACKAGEACTIVITYID,WORKPACKAGEID,DESCRIPTION,ESTIMATEDDURATION,ACTUALDURATION,ESTIMATEDHRCOST,ACTUALHRCOST,ESTIMATEDMATERIALCOST,ACTUALMATERIALCOST,PERSONINCHARGEID) values ('B2D98G073','A2D5f0031','Contactar fornecedor da arte','1',null,'40',null,'0',null,'00A00c12db542007');
Insert into PACKAGEACTIVITY (PACKAGEACTIVITYID,WORKPACKAGEID,DESCRIPTION,ESTIMATEDDURATION,ACTUALDURATION,ESTIMATEDHRCOST,ACTUALHRCOST,ESTIMATEDMATERIALCOST,ACTUALMATERIALCOST,PERSONINCHARGEID) values ('B2D98G074','A2D5f0031','Contratrar grafica          ','1',null,'40',null,'0',null,'00A00c12db542003');
Insert into PACKAGEACTIVITY (PACKAGEACTIVITYID,WORKPACKAGEID,DESCRIPTION,ESTIMATEDDURATION,ACTUALDURATION,ESTIMATEDHRCOST,ACTUALHRCOST,ESTIMATEDMATERIALCOST,ACTUALMATERIALCOST,PERSONINCHARGEID) values ('B2D98G075','A2D5f0032','Listar temas correntes  ','1',null,'40',null,'0',null,'00A00c12db542003');
Insert into PACKAGEACTIVITY (PACKAGEACTIVITYID,WORKPACKAGEID,DESCRIPTION,ESTIMATEDDURATION,ACTUALDURATION,ESTIMATEDHRCOST,ACTUALHRCOST,ESTIMATEDMATERIALCOST,ACTUALMATERIALCOST,PERSONINCHARGEID) values ('B2D98G076','A2D5f0032','Votar temas prioritarios','1',null,'40',null,'0',null,'00A00c12db542006');
Insert into PACKAGEACTIVITY (PACKAGEACTIVITYID,WORKPACKAGEID,DESCRIPTION,ESTIMATEDDURATION,ACTUALDURATION,ESTIMATEDHRCOST,ACTUALHRCOST,ESTIMATEDMATERIALCOST,ACTUALMATERIALCOST,PERSONINCHARGEID) values ('B2D98G077','A2D5f0033','Montar matriz risco x impacto','1',null,'40',null,'0',null,'00A00c12db542006');
Insert into PACKAGEACTIVITY (PACKAGEACTIVITYID,WORKPACKAGEID,DESCRIPTION,ESTIMATEDDURATION,ACTUALDURATION,ESTIMATEDHRCOST,ACTUALHRCOST,ESTIMATEDMATERIALCOST,ACTUALMATERIALCOST,PERSONINCHARGEID) values ('B2D98G078','A2D5f0033','Identificar os de menor risco','1',null,'40',null,'0',null,'00A00c12db542007');
Insert into PACKAGEACTIVITY (PACKAGEACTIVITYID,WORKPACKAGEID,DESCRIPTION,ESTIMATEDDURATION,ACTUALDURATION,ESTIMATEDHRCOST,ACTUALHRCOST,ESTIMATEDMATERIALCOST,ACTUALMATERIALCOST,PERSONINCHARGEID) values ('B2D98G079','A2D5f0034','Avaliar a matriz de impacto  ','1',null,'40',null,'0',null,'00A00c12db542006');
Insert into PACKAGEACTIVITY (PACKAGEACTIVITYID,WORKPACKAGEID,DESCRIPTION,ESTIMATEDDURATION,ACTUALDURATION,ESTIMATEDHRCOST,ACTUALHRCOST,ESTIMATEDMATERIALCOST,ACTUALMATERIALCOST,PERSONINCHARGEID) values ('B2D98G080','A2D5f0034','Discutir temas de menor risco','1',null,'40',null,'0',null,'00A00c12db542007');
Insert into PACKAGEACTIVITY (PACKAGEACTIVITYID,WORKPACKAGEID,DESCRIPTION,ESTIMATEDDURATION,ACTUALDURATION,ESTIMATEDHRCOST,ACTUALHRCOST,ESTIMATEDMATERIALCOST,ACTUALMATERIALCOST,PERSONINCHARGEID) values ('B2D98G081','A2D5f0034','Escolher o mais adequado     ','1',null,'40',null,'0',null,'00A00c12db542003');
Insert into PACKAGEACTIVITY (PACKAGEACTIVITYID,WORKPACKAGEID,DESCRIPTION,ESTIMATEDDURATION,ACTUALDURATION,ESTIMATEDHRCOST,ACTUALHRCOST,ESTIMATEDMATERIALCOST,ACTUALMATERIALCOST,PERSONINCHARGEID) values ('B2D98G082','A2D5f0035','Pesquisar literatura    ','1',null,'80',null,'0',null,'00A00c12db542002');
Insert into PACKAGEACTIVITY (PACKAGEACTIVITYID,WORKPACKAGEID,DESCRIPTION,ESTIMATEDDURATION,ACTUALDURATION,ESTIMATEDHRCOST,ACTUALHRCOST,ESTIMATEDMATERIALCOST,ACTUALMATERIALCOST,PERSONINCHARGEID) values ('B2D98G083','A2D5f0035','Selecionar mais adequado','1',null,'40',null,'0',null,'00A00c12db542003');
Insert into PACKAGEACTIVITY (PACKAGEACTIVITYID,WORKPACKAGEID,DESCRIPTION,ESTIMATEDDURATION,ACTUALDURATION,ESTIMATEDHRCOST,ACTUALHRCOST,ESTIMATEDMATERIALCOST,ACTUALMATERIALCOST,PERSONINCHARGEID) values ('B2D98G084','A2D5f0036','Ler material selecionado   ','1',null,'80',null,'0',null,'00A00c12db542002');
Insert into PACKAGEACTIVITY (PACKAGEACTIVITYID,WORKPACKAGEID,DESCRIPTION,ESTIMATEDDURATION,ACTUALDURATION,ESTIMATEDHRCOST,ACTUALHRCOST,ESTIMATEDMATERIALCOST,ACTUALMATERIALCOST,PERSONINCHARGEID) values ('B2D98G085','A2D5f0036','Destacar pontos importantes','1',null,'40',null,'0',null,'00A00c12db542007');
Insert into PACKAGEACTIVITY (PACKAGEACTIVITYID,WORKPACKAGEID,DESCRIPTION,ESTIMATEDDURATION,ACTUALDURATION,ESTIMATEDHRCOST,ACTUALHRCOST,ESTIMATEDMATERIALCOST,ACTUALMATERIALCOST,PERSONINCHARGEID) values ('B2D98G086','A2D5f0036','Juntar pontos destacados   ','1',null,'40',null,'0',null,'00A00c12db542003');
Insert into PACKAGEACTIVITY (PACKAGEACTIVITYID,WORKPACKAGEID,DESCRIPTION,ESTIMATEDDURATION,ACTUALDURATION,ESTIMATEDHRCOST,ACTUALHRCOST,ESTIMATEDMATERIALCOST,ACTUALMATERIALCOST,PERSONINCHARGEID) values ('B2D98G087','A2D5f0037','Agendar Reuniao         ','1',null,'80',null,'0',null,'00A00c12db542002');
Insert into PACKAGEACTIVITY (PACKAGEACTIVITYID,WORKPACKAGEID,DESCRIPTION,ESTIMATEDDURATION,ACTUALDURATION,ESTIMATEDHRCOST,ACTUALHRCOST,ESTIMATEDMATERIALCOST,ACTUALMATERIALCOST,PERSONINCHARGEID) values ('B2D98G088','A2D5f0037','Informar fim do contrato','1',null,'40',null,'0',null,'00A00c12db542003');
Insert into PACKAGEACTIVITY (PACKAGEACTIVITYID,WORKPACKAGEID,DESCRIPTION,ESTIMATEDDURATION,ACTUALDURATION,ESTIMATEDHRCOST,ACTUALHRCOST,ESTIMATEDMATERIALCOST,ACTUALMATERIALCOST,PERSONINCHARGEID) values ('B2D98G089','A2D5f0037','Fazer fechamento reuniao','1',null,'40',null,'0',null,'00A00c12db542006');
Insert into PACKAGEACTIVITY (PACKAGEACTIVITYID,WORKPACKAGEID,DESCRIPTION,ESTIMATEDDURATION,ACTUALDURATION,ESTIMATEDHRCOST,ACTUALHRCOST,ESTIMATEDMATERIALCOST,ACTUALMATERIALCOST,PERSONINCHARGEID) values ('B2D98G090','A2D5f0038','Coletar dados do contrato    ','1',null,'40',null,'0',null,'00A00c12db542007');
Insert into PACKAGEACTIVITY (PACKAGEACTIVITYID,WORKPACKAGEID,DESCRIPTION,ESTIMATEDDURATION,ACTUALDURATION,ESTIMATEDHRCOST,ACTUALHRCOST,ESTIMATEDMATERIALCOST,ACTUALMATERIALCOST,PERSONINCHARGEID) values ('B2D98G091','A2D5f0038','Redigir termo de encerramento','1',null,'80',null,'0',null,'00A00c12db542002');
Insert into PACKAGEACTIVITY (PACKAGEACTIVITYID,WORKPACKAGEID,DESCRIPTION,ESTIMATEDDURATION,ACTUALDURATION,ESTIMATEDHRCOST,ACTUALHRCOST,ESTIMATEDMATERIALCOST,ACTUALMATERIALCOST,PERSONINCHARGEID) values ('B2D98G092','A2D5f0039','Colher assinaturas internas  ','1',null,'100',null,'0',null,'00A00c12db542001');
Insert into PACKAGEACTIVITY (PACKAGEACTIVITYID,WORKPACKAGEID,DESCRIPTION,ESTIMATEDDURATION,ACTUALDURATION,ESTIMATEDHRCOST,ACTUALHRCOST,ESTIMATEDMATERIALCOST,ACTUALMATERIALCOST,PERSONINCHARGEID) values ('B2D98G093','A2D5f0039','Colher assinaturas externas  ','1',null,'80',null,'0',null,'00A00c12db542002');
Insert into HRPACKAGEACTIVITY (WORKPACKAGEID,PACKAGEACTIVITYID,HUMANRESOURCEID,STARTEDDATE,CLOSINGDATE) values ('A2D5f0030','B2D98G071','00A00c12db542005',to_date('23/12/16','DD/MM/RR'),to_date('23/12/16','DD/MM/RR'));
Insert into HRPACKAGEACTIVITY (WORKPACKAGEID,PACKAGEACTIVITYID,HUMANRESOURCEID,STARTEDDATE,CLOSINGDATE) values ('A2D5f0030','B2D98G070','00A00c12db542004',to_date('22/12/16','DD/MM/RR'),to_date('22/12/16','DD/MM/RR'));
Insert into HRPACKAGEACTIVITY (WORKPACKAGEID,PACKAGEACTIVITYID,HUMANRESOURCEID,STARTEDDATE,CLOSINGDATE) values ('A2D5f0030','B2D98G072','00A00c12db542008',to_date('21/12/16','DD/MM/RR'),to_date('21/12/16','DD/MM/RR'));
Insert into HRPACKAGEACTIVITY (WORKPACKAGEID,PACKAGEACTIVITYID,HUMANRESOURCEID,STARTEDDATE,CLOSINGDATE) values ('A2D5f0031','B2D98G073','00A00c12db542004',to_date('20/12/16','DD/MM/RR'),to_date('20/12/16','DD/MM/RR'));
Insert into HRPACKAGEACTIVITY (WORKPACKAGEID,PACKAGEACTIVITYID,HUMANRESOURCEID,STARTEDDATE,CLOSINGDATE) values ('A2D5f0031','B2D98G074','00A00c12db542005',to_date('22/12/16','DD/MM/RR'),to_date('22/12/16','DD/MM/RR'));
Insert into HRPACKAGEACTIVITY (WORKPACKAGEID,PACKAGEACTIVITYID,HUMANRESOURCEID,STARTEDDATE,CLOSINGDATE) values ('A2D5f0032','B2D98G075','00A00c12db542008',to_date('23/12/16','DD/MM/RR'),to_date('23/12/16','DD/MM/RR'));
Insert into HRPACKAGEACTIVITY (WORKPACKAGEID,PACKAGEACTIVITYID,HUMANRESOURCEID,STARTEDDATE,CLOSINGDATE) values ('A2D5f0032','B2D98G076','00A00c12db542004',to_date('21/12/16','DD/MM/RR'),to_date('21/12/16','DD/MM/RR'));
Insert into HRPACKAGEACTIVITY (WORKPACKAGEID,PACKAGEACTIVITYID,HUMANRESOURCEID,STARTEDDATE,CLOSINGDATE) values ('A2D5f0033','B2D98G077','00A00c12db542005',to_date('20/12/16','DD/MM/RR'),to_date('20/12/16','DD/MM/RR'));
Insert into HRPACKAGEACTIVITY (WORKPACKAGEID,PACKAGEACTIVITYID,HUMANRESOURCEID,STARTEDDATE,CLOSINGDATE) values ('A2D5f0033','B2D98G078','00A00c12db542008',to_date('22/12/16','DD/MM/RR'),to_date('22/12/16','DD/MM/RR'));
Insert into HRPACKAGEACTIVITY (WORKPACKAGEID,PACKAGEACTIVITYID,HUMANRESOURCEID,STARTEDDATE,CLOSINGDATE) values ('A2D5f0034','B2D98G080','00A00c12db542005',to_date('22/12/16','DD/MM/RR'),to_date('22/12/16','DD/MM/RR'));
Insert into HRPACKAGEACTIVITY (WORKPACKAGEID,PACKAGEACTIVITYID,HUMANRESOURCEID,STARTEDDATE,CLOSINGDATE) values ('A2D5f0034','B2D98G079','00A00c12db542004',to_date('23/12/16','DD/MM/RR'),to_date('23/12/16','DD/MM/RR'));
Insert into HRPACKAGEACTIVITY (WORKPACKAGEID,PACKAGEACTIVITYID,HUMANRESOURCEID,STARTEDDATE,CLOSINGDATE) values ('A2D5f0034','B2D98G081','00A00c12db542008',to_date('23/12/16','DD/MM/RR'),to_date('23/12/16','DD/MM/RR'));
Insert into HRPACKAGEACTIVITY (WORKPACKAGEID,PACKAGEACTIVITYID,HUMANRESOURCEID,STARTEDDATE,CLOSINGDATE) values ('A2D5f0035','B2D98G082','00A00c12db542004',to_date('21/12/16','DD/MM/RR'),to_date('21/12/16','DD/MM/RR'));
Insert into HRPACKAGEACTIVITY (WORKPACKAGEID,PACKAGEACTIVITYID,HUMANRESOURCEID,STARTEDDATE,CLOSINGDATE) values ('A2D5f0035','B2D98G083','00A00c12db542005',to_date('20/12/16','DD/MM/RR'),to_date('20/12/16','DD/MM/RR'));
Insert into HRPACKAGEACTIVITY (WORKPACKAGEID,PACKAGEACTIVITYID,HUMANRESOURCEID,STARTEDDATE,CLOSINGDATE) values ('A2D5f0036','B2D98G084','00A00c12db542008',to_date('22/12/16','DD/MM/RR'),to_date('22/12/16','DD/MM/RR'));
Insert into HRPACKAGEACTIVITY (WORKPACKAGEID,PACKAGEACTIVITYID,HUMANRESOURCEID,STARTEDDATE,CLOSINGDATE) values ('A2D5f0036','B2D98G085','00A00c12db542004',to_date('23/12/16','DD/MM/RR'),to_date('23/12/16','DD/MM/RR'));
Insert into HRPACKAGEACTIVITY (WORKPACKAGEID,PACKAGEACTIVITYID,HUMANRESOURCEID,STARTEDDATE,CLOSINGDATE) values ('A2D5f0036','B2D98G086','00A00c12db542005',to_date('21/12/16','DD/MM/RR'),to_date('21/12/16','DD/MM/RR'));
Insert into HRPACKAGEACTIVITY (WORKPACKAGEID,PACKAGEACTIVITYID,HUMANRESOURCEID,STARTEDDATE,CLOSINGDATE) values ('A2D5f0037','B2D98G087','00A00c12db542008',to_date('20/12/16','DD/MM/RR'),to_date('20/12/16','DD/MM/RR'));
Insert into HRPACKAGEACTIVITY (WORKPACKAGEID,PACKAGEACTIVITYID,HUMANRESOURCEID,STARTEDDATE,CLOSINGDATE) values ('A2D5f0037','B2D98G089','00A00c12db542005',to_date('23/12/16','DD/MM/RR'),to_date('23/12/16','DD/MM/RR'));
Insert into HRPACKAGEACTIVITY (WORKPACKAGEID,PACKAGEACTIVITYID,HUMANRESOURCEID,STARTEDDATE,CLOSINGDATE) values ('A2D5f0037','B2D98G088','00A00c12db542004',to_date('22/12/16','DD/MM/RR'),to_date('22/12/16','DD/MM/RR'));
Insert into HRPACKAGEACTIVITY (WORKPACKAGEID,PACKAGEACTIVITYID,HUMANRESOURCEID,STARTEDDATE,CLOSINGDATE) values ('A2D5f0038','B2D98G090','00A00c12db542008',to_date('22/12/16','DD/MM/RR'),to_date('22/12/16','DD/MM/RR'));
Insert into HRPACKAGEACTIVITY (WORKPACKAGEID,PACKAGEACTIVITYID,HUMANRESOURCEID,STARTEDDATE,CLOSINGDATE) values ('A2D5f0038','B2D98G091','00A00c12db542004',to_date('23/12/16','DD/MM/RR'),to_date('23/12/16','DD/MM/RR'));
Insert into HRPACKAGEACTIVITY (WORKPACKAGEID,PACKAGEACTIVITYID,HUMANRESOURCEID,STARTEDDATE,CLOSINGDATE) values ('A2D5f0039','B2D98G092','00A00c12db542005',to_date('21/12/16','DD/MM/RR'),to_date('21/12/16','DD/MM/RR'));
Insert into HRPACKAGEACTIVITY (WORKPACKAGEID,PACKAGEACTIVITYID,HUMANRESOURCEID,STARTEDDATE,CLOSINGDATE) values ('A2D5f0039','B2D98G093','00A00c12db542008',to_date('20/12/16','DD/MM/RR'),to_date('20/12/16','DD/MM/RR'));
commit;
     